time_ms,command
2149,w
2495,stop
2731,w
3144,stop
3353,w
3731,stop
4020,w
4495,stop
4678,w
5110,stop
5253,w
5459,stop
5686,w
5882,stop
6560,w
6980,stop
10763,w
12202,stop
12596,s
13287,stop
14553,s
14886,stop
14980,w
15248,stop
15369,s
15655,stop
15657,w
15903,stop
15924,s
16169,w
16408,s
16674,w
16958,s
17192,w
17435,s
17692,w
17979,s
18204,w
18517,s
18733,w
18989,s
19174,w
19347,s
19529,w
19691,s
19814,w
19969,s
20094,w
20264,s
20766,w
21293,s
21819,w
22339,s
22845,w
23382,s
23844,w
24370,s
24822,w
25232,s
25636,w
25881,s
26088,w
26293,s
26501,w
27101,s
27632,w
28098,s
28334,w
28428,s
28881,w
28951,s
29031,w
29275,stop
29277,s
29439,stop
29448,w
29597,stop
29651,s
29774,stop
31698,w
31995,stop
32181,s
32612,w
32938,stop
32970,s
33365,w
33766,stop
33812,s
34222,stop
34255,w
34677,s
34994,w
35394,s
35686,w
35963,stop
35980,s
36077,stop
36224,w
38162,stop
42359,w
42495,stop
58358,3
